index,nba_id,start_season,last_season
0,2,1997,1997
1,3,1997,2003
2,7,1997,1999
3,9,1997,1997
4,12,1997,1999
5,15,1997,2008
6,17,1997,1998
7,21,1997,2002
8,22,1997,2000
9,23,1997,2000
10,24,1997,1997
11,26,1997,2001
12,28,1997,2001
13,29,1997,2001
14,31,1997,2000
15,32,1997,1998
16,35,1997,2000
17,36,1997,1997
18,37,1997,2009
19,38,1997,1998
20,42,1997,2004
21,43,1997,2004
22,45,1997,2002
23,46,1997,1997
24,47,1997,1997
25,49,1997,2000
26,51,1997,2001
27,52,1998,1999
28,53,1997,2001
29,54,1997,2002
30,55,1997,2000
31,56,1997,2007
32,57,1997,2007
33,61,1997,1999
34,63,1997,2001
35,64,1997,2001
36,65,1997,1999
37,66,1997,1997
38,67,1997,2001
39,70,1997,2003
40,71,1997,1999
41,72,1997,2005
42,73,1997,1999
43,76,1997,2001
44,77,1997,2004
45,78,1997,2000
46,80,1997,1997
47,81,1997,1998
48,82,1997,2000
49,84,1997,2005
50,85,1997,2002
51,87,1997,2009
52,88,1997,1997
53,89,1997,2006
54,93,1997,2004
55,95,1997,2003
56,96,1997,2001
57,97,1998,1998
58,98,1997,2002
59,100,1997,2000
60,103,1997,2001
61,104,1997,2000
62,105,1997,2002
63,107,1997,2000
64,109,1997,2008
65,111,1997,2003
66,112,1997,1998
67,114,1997,1997
68,116,1997,1997
69,120,1997,2005
70,121,1997,2002
71,122,1997,1997
72,123,1997,2004
73,124,1997,2005
74,128,1997,2001
75,129,1997,1997
76,133,1997,2008
77,134,1997,2000
78,136,1997,2008
79,137,1997,2001
80,138,1999,2000
81,140,1997,1998
82,143,1997,1999
83,145,1997,2004
84,146,1997,2002
85,147,1997,2007
86,154,1997,1998
87,156,1997,2000
88,157,1997,1999
89,160,1998,1998
90,164,1997,2003
91,165,1997,2002
92,166,1997,2001
93,168,1997,2004
94,170,1997,2000
95,173,1997,2001
96,175,1997,1998
97,176,1997,2003
98,177,1997,2001
99,178,1997,2004
100,179,1997,2002
101,180,1997,2003
102,181,1997,1997
103,182,1997,2001
104,183,1997,1999
105,184,1997,2000
106,185,1997,2008
107,187,1997,2000
108,190,1997,2001
109,192,1997,2000
110,193,1997,2003
111,194,1998,1998
112,195,1997,1999
113,197,1997,2001
114,198,1997,2003
115,199,1997,1997
116,201,1997,2003
117,202,1997,2001
118,203,1997,1998
119,204,1997,2000
120,208,1997,2009
121,209,1997,2002
122,210,1997,2002
123,211,1997,1997
124,212,1997,1998
125,213,1997,2006
126,216,1997,2003
127,219,1997,2002
128,221,1997,2005
129,223,1998,2001
130,224,1997,2008
131,226,1997,2000
132,228,1997,2001
133,234,1997,2000
134,236,1997,2001
135,238,1997,2004
136,239,1997,2008
137,240,1997,1998
138,241,1997,1999
139,243,1997,2008
140,244,1997,2002
141,246,1997,1998
142,247,1997,1999
143,248,1997,2005
144,251,1997,2001
145,252,1997,2004
146,255,1997,2013
147,258,1997,2006
148,262,1997,2000
149,265,1997,1999
150,270,1997,2004
151,271,1997,2002
152,273,1997,1999
153,275,1997,2005
154,278,1997,2006
155,279,1997,1998
156,280,1997,2002
157,281,1997,2005
158,283,1997,2010
159,287,1997,1997
160,288,1997,2000
161,289,1998,1998
162,291,1997,1997
163,292,1997,2005
164,293,1997,1997
165,296,1997,2004
166,297,1997,2008
167,299,1997,2005
168,302,1997,2002
169,304,1997,2003
170,305,1997,1997
171,308,1997,1997
172,310,1997,1998
173,316,1997,1997
174,317,1997,2002
175,320,1997,1999
176,323,1997,2003
177,324,1997,2005
178,328,1997,1999
179,330,1997,2003
180,333,1997,1997
181,335,1997,1997
182,339,1997,2005
183,340,2006,2006
184,341,1997,1999
185,344,1997,2004
186,345,1997,2002
187,348,1997,2004
188,349,1997,2004
189,351,1997,1997
190,353,1997,2008
191,355,1997,1998
192,356,1997,1999
193,358,1997,2008
194,359,1997,2002
195,361,1997,2007
196,363,1997,2005
197,364,1997,2000
198,365,1997,2002
199,368,1997,1999
200,369,1997,2005
201,371,1997,2001
202,375,1997,2002
203,376,1997,2002
204,378,1997,1997
205,380,1997,2001
206,381,1997,2001
207,383,1997,2005
208,384,1997,2006
209,386,1997,2002
210,389,1997,2006
211,390,1997,1997
212,393,1997,2005
213,397,1997,2005
214,399,1997,2004
215,400,1997,2001
216,402,1997,1997
217,404,1997,1997
218,406,1997,2011
219,412,1997,1998
220,416,1997,1999
221,417,1997,2002
222,418,1997,1998
223,420,1997,1999
224,422,1997,2004
225,423,1997,2002
226,426,1998,2001
227,428,1997,2001
228,431,1997,2003
229,432,1997,2000
230,433,1997,1998
231,434,1997,1998
232,435,1997,2002
233,436,1997,2013
234,438,1997,1997
235,440,1997,2001
236,441,1997,2006
237,442,1997,2001
238,445,1997,2005
239,446,1997,2005
240,448,1997,2008
241,452,1997,2007
242,456,1997,2000
243,457,1997,2000
244,458,1997,2006
245,461,1997,2004
246,462,1998,2001
247,467,1997,2013
248,468,1997,2006
249,469,1997,2006
250,511,1997,1997
251,671,1997,1997
252,672,1997,2002
253,673,1997,2007
254,674,1997,2000
255,676,2000,2000
256,677,1997,2007
257,678,1997,1998
258,679,1997,2003
259,680,2000,2004
260,681,1997,2003
261,682,1997,2007
262,684,1997,1999
263,685,1997,2004
264,686,1997,2011
265,688,1997,2005
266,689,1997,2011
267,690,1997,2003
268,691,1997,1997
269,692,1997,2005
270,693,1997,2011
271,694,1997,2002
272,695,1997,2002
273,696,1997,2005
274,697,1997,2005
275,698,1997,1999
276,699,1997,2009
277,700,1997,1997
278,701,1997,1997
279,702,1997,2006
280,703,1997,2013
281,704,1997,1999
282,706,1997,1999
283,707,1997,2000
284,708,1997,2016
285,709,1997,1997
286,710,1997,1999
287,711,1997,2013
288,712,1998,2000
289,713,1997,2001
290,714,1997,2010
291,715,1999,2001
292,716,1997,1997
293,717,1997,2003
294,718,1997,2004
295,719,1997,1997
296,721,1997,2001
297,722,1997,2007
298,724,1997,2005
299,725,1997,1997
300,727,1997,2009
301,728,1997,1997
302,729,1997,1997
303,731,1997,2006
304,732,1997,1997
305,733,1997,1997
306,734,1997,1998
307,735,1997,2001
308,737,1998,1998
309,739,1997,2013
310,753,1997,2003
311,754,1997,2006
312,757,1997,2008
313,760,1997,2001
314,761,1997,2002
315,762,1997,2005
316,763,1997,2005
317,764,1997,2003
318,765,1997,2001
319,766,1997,2001
320,768,1997,1997
321,769,1997,2000
322,770,1997,2000
323,771,1997,1997
324,777,1997,2000
325,779,1997,2004
326,781,1997,2001
327,782,1997,2002
328,783,1997,1997
329,785,1997,2000
330,786,1997,1999
331,787,1997,2000
332,788,1997,2007
333,891,1997,2004
334,892,1998,1998
335,893,1997,2003
336,894,1997,1998
337,895,1997,2001
338,896,1997,2003
339,898,1997,1999
340,899,1997,1998
341,900,1997,1997
342,901,1997,2001
343,902,1997,2004
344,904,1997,2001
345,905,1997,2007
346,906,1997,2000
347,907,1997,2000
348,911,1997,2006
349,912,1997,1997
350,913,1997,2001
351,914,1997,2000
352,915,1997,2005
353,916,1997,2004
354,917,1997,1998
355,919,1997,2001
356,920,1997,2001
357,922,1997,2005
358,923,1997,2009
359,924,1997,2006
360,925,1998,1998
361,927,2000,2000
362,929,1997,1997
363,930,1997,1997
364,931,1997,2001
365,932,1997,2004
366,934,1997,2005
367,935,1997,2006
368,937,1997,2004
369,938,1997,1999
370,939,1998,2002
371,940,1997,1997
372,941,1997,1997
373,947,1997,2010
374,948,1997,2013
375,949,1997,2008
376,950,1997,2009
377,951,1997,2014
378,952,1997,2009
379,953,1997,2009
380,954,1997,2005
381,955,1997,2006
382,956,1997,2012
383,957,1997,2001
384,958,1997,2007
385,959,1997,2015
386,960,1997,2006
387,961,1997,2004
388,962,1997,2006
389,963,1997,1998
390,964,1997,2000
391,965,1997,2014
392,966,1997,2005
393,967,1997,1999
394,968,1997,1998
395,969,1997,2003
396,970,1997,2008
397,971,1997,2000
398,976,1997,2008
399,977,1997,2016
400,978,1999,2011
401,979,1997,2014
402,980,1998,2011
403,981,2003,2003
404,982,1997,1998
405,983,1997,2006
406,984,1997,1997
407,987,1997,1999
408,988,1997,2007
409,989,1997,2000
410,990,1997,2009
411,992,1997,2000
412,994,1997,2001
413,997,1997,1998
414,998,1998,2005
415,999,1998,1998
416,1000,1997,2006
417,1002,1997,1998
418,1003,1998,2000
419,1005,1997,2003
420,1006,1997,2002
421,1023,1997,2003
422,1024,1997,1998
423,1026,1997,1997
424,1032,1997,2005
425,1035,1997,2002
426,1036,1997,1999
427,1037,1997,1999
428,1038,2003,2003
429,1041,1997,1997
430,1043,1997,2004
431,1049,1997,2004
432,1051,1997,2002
433,1052,2004,2006
434,1055,1998,1998
435,1059,1997,1997
436,1061,1998,1999
437,1063,1997,1998
438,1064,1997,1997
439,1065,1997,2005
440,1068,1997,1997
441,1070,1997,2000
442,1073,1997,2003
443,1074,1997,2003
444,1075,1998,1998
445,1077,1997,1997
446,1080,1997,1998
447,1085,2000,2002
448,1086,1997,2000
449,1088,2000,2010
450,1089,1997,1998
451,1093,1997,1997
452,1096,1997,1998
453,1099,1997,1997
454,1101,1997,1997
455,1108,1997,2000
456,1109,1997,1997
457,1110,1997,2003
458,1112,1997,2012
459,1114,1997,2002
460,1118,1997,1998
461,1120,1997,1997
462,1121,1997,1997
463,1122,1997,1999
464,1125,1997,1997
465,1126,1997,1998
466,1128,1997,1998
467,1129,1997,1997
468,1131,1997,1997
469,1133,1998,1999
470,1134,1997,2002
471,1136,1997,1997
472,1137,1997,1997
473,1138,1997,2001
474,1361,1997,1997
475,1365,1997,1998
476,1380,1997,1998
477,1381,1997,1997
478,1425,1997,2008
479,1429,1997,1999
480,1432,1997,1997
481,1434,2001,2001
482,1442,2002,2007
483,1444,1998,2005
484,1472,1997,1998
485,1474,1997,1997
486,1477,1997,2009
487,1478,1997,1997
488,1479,1997,1998
489,1489,1997,1997
490,1495,1998,2016
491,1496,1998,2008
492,1497,1998,2014
493,1498,1998,2011
494,1499,1998,2012
495,1500,1998,2005
496,1501,1998,2010
497,1502,1998,2010
498,1503,1998,2013
499,1504,1998,2007
500,1505,1998,2003
501,1506,1998,2009
502,1507,1998,2008
503,1508,1998,2007
504,1509,1998,2007
505,1510,1998,2009
506,1511,1998,2000
507,1512,1998,2000
508,1513,1998,2008
509,1514,1999,2004
510,1515,1998,2012
511,1516,1998,1999
512,1517,1998,2009
513,1518,1998,2000
514,1519,1998,2006
515,1520,1998,2006
516,1521,1998,2009
517,1522,1998,1999
518,1525,1998,1999
519,1526,1998,1999
520,1527,1998,1999
521,1528,1998,1998
522,1529,1998,2000
523,1530,1998,1998
524,1531,2001,2007
525,1532,1998,1999
526,1533,1998,2010
527,1535,1998,1998
528,1536,2001,2014
529,1538,1998,2002
530,1539,1998,1998
531,1540,1998,1999
532,1541,1998,2007
533,1542,2002,2005
534,1544,1998,2004
535,1545,1998,2000
536,1548,2001,2010
537,1554,2001,2001
538,1559,2000,2008
539,1562,1999,2001
540,1563,1998,2010
541,1564,1998,2001
542,1565,1998,2005
543,1569,1998,2000
544,1572,2003,2003
545,1575,1998,1998
546,1576,1998,1999
547,1578,1998,1998
548,1585,1998,2003
549,1591,1999,1999
550,1593,1999,1999
551,1594,1998,2006
552,1600,1999,2001
553,1601,1998,2004
554,1607,1998,2008
555,1609,2001,2003
556,1612,1998,2001
557,1619,1998,2000
558,1630,1999,2012
559,1666,1998,1998
560,1667,1998,1999
561,1677,1998,1998
562,1680,1998,1998
563,1682,1998,1998
564,1683,1998,2002
565,1709,1999,2007
566,1710,1999,2012
567,1711,1999,2009
568,1712,1999,2014
569,1713,1999,2020
570,1714,1999,2005
571,1715,1999,2011
572,1716,1999,2012
573,1717,1999,2019
574,1718,1999,2017
575,1719,1999,2008
576,1720,1999,2008
577,1721,1999,2004
578,1722,1999,2003
579,1723,1999,2010
580,1724,1999,2004
581,1725,1999,2010
582,1726,1999,2000
583,1727,1999,2008
584,1728,1999,2002
585,1729,1999,2010
586,1730,1999,2012
587,1731,1999,2009
588,1732,1999,2002
589,1733,1999,2014
590,1734,1999,2001
591,1735,1999,2004
592,1736,1999,2003
593,1737,1999,2016
594,1738,2002,2005
595,1739,1999,2008
596,1740,1999,2014
597,1741,1999,2008
598,1742,1999,2007
599,1743,1999,2005
600,1744,1999,2010
601,1745,1999,1999
602,1746,2000,2000
603,1747,2000,2010
604,1748,1999,1999
605,1749,1999,2010
606,1750,1999,1999
607,1751,1999,2005
608,1752,1999,2011
609,1753,1999,2000
610,1754,1999,2000
611,1755,1999,1999
612,1756,1999,2000
613,1757,1999,1999
614,1760,2000,2004
615,1761,2000,2009
616,1762,2002,2005
617,1763,2000,2010
618,1764,1999,1999
619,1765,2004,2005
620,1766,2000,2009
621,1800,1999,2009
622,1801,1999,1999
623,1802,1999,2012
624,1817,1999,1999
625,1820,1998,1999
626,1823,1999,1999
627,1824,1999,1999
628,1829,2002,2002
629,1831,1999,1999
630,1838,1999,2002
631,1844,2000,2000
632,1845,1999,1999
633,1847,1999,1999
634,1852,1999,1999
635,1853,2000,2012
636,1855,1999,1999
637,1858,1999,1999
638,1861,1999,1999
639,1863,1999,2012
640,1864,2001,2002
641,1868,1999,1999
642,1869,1999,2000
643,1871,1999,2000
644,1872,1999,2000
645,1882,2000,2016
646,1883,2000,2009
647,1884,2000,2012
648,1885,2000,2014
649,1886,2000,2010
650,1887,2000,2009
651,1888,2000,2013
652,1889,2000,2016
653,1890,2000,2015
654,1891,2000,2018
655,1892,2000,2002
656,1893,2000,2005
657,1894,2000,2013
658,1895,2000,2002
659,1897,2000,2017
660,1898,2000,2002
661,1899,2000,2011
662,1900,2000,2004
663,1901,2000,2006
664,1902,2000,2012
665,1903,2000,2010
666,1904,2000,2010
667,1905,2002,2015
668,1906,2000,2002
669,1907,2000,2002
670,1908,2000,2007
671,1909,2000,2007
672,1910,2000,2004
673,1911,2000,2000
674,1913,2000,2009
675,1914,2000,2001
676,1915,2000,2003
677,1916,2000,2009
678,1917,2001,2005
679,1918,2000,2005
680,1919,2000,2006
681,1920,2000,2000
682,1921,2003,2008
683,1922,2004,2012
684,1924,2001,2006
685,1926,2000,2000
686,1928,2000,2003
687,1930,2000,2001
688,1934,2000,2005
689,1937,2000,2000
690,1938,2003,2018
691,1942,2000,2002
692,1943,2000,2000
693,1944,2000,2004
694,1950,2001,2001
695,1952,2001,2013
696,1953,2000,2000
697,1954,2000,2000
698,1956,2001,2008
699,1960,2000,2006
700,1965,2000,2000
701,1967,2000,2000
702,1975,2000,2001
703,1983,2000,2006
704,1985,2001,2006
705,2000,2000,2000
706,2030,2001,2015
707,2031,2001,2009
708,2032,2001,2009
709,2033,2001,2006
710,2034,2001,2017
711,2035,2001,2008
712,2036,2001,2009
713,2037,2001,2020
714,2038,2001,2013
715,2039,2001,2013
716,2040,2001,2005
717,2041,2002,2011
718,2042,2001,2005
719,2043,2001,2006
720,2044,2001,2005
721,2045,2001,2015
722,2046,2001,2010
723,2047,2001,2013
724,2048,2001,2012
725,2049,2002,2010
726,2050,2001,2011
727,2051,2001,2005
728,2052,2001,2013
729,2053,2001,2003
730,2054,2001,2007
731,2055,2001,2005
732,2056,2002,2010
733,2057,2001,2002
734,2058,2001,2009
735,2059,2001,2012
736,2060,2003,2010
737,2061,2001,2004
738,2062,2001,2003
739,2063,2001,2009
740,2064,2001,2001
741,2065,2001,2001
742,2066,2001,2003
743,2067,2001,2011
744,2068,2001,2003
745,2069,2001,2002
746,2071,2001,2003
747,2072,2001,2012
748,2073,2001,2012
749,2074,2001,2005
750,2078,2001,2010
751,2079,2004,2008
752,2080,2003,2003
753,2081,2002,2004
754,2082,2001,2001
755,2084,2001,2001
756,2091,2001,2005
757,2092,2001,2001
758,2098,2001,2007
759,2101,2001,2001
760,2106,2001,2003
761,2109,2001,2009
762,2121,2001,2001
763,2123,2001,2001
764,2124,2002,2011
765,2128,2001,2001
766,2130,2001,2002
767,2137,2004,2011
768,2143,2001,2003
769,2173,2001,2001
770,2198,2002,2014
771,2199,2002,2020
772,2200,2002,2020
773,2201,2002,2013
774,2202,2002,2015
775,2203,2002,2014
776,2204,2002,2007
777,2205,2002,2013
778,2206,2002,2005
779,2207,2002,2022
780,2208,2002,2005
781,2209,2002,2013
782,2210,2002,2018
783,2211,2002,2013
784,2212,2002,2010
785,2213,2002,2003
786,2214,2002,2006
787,2215,2002,2014
788,2216,2002,2019
789,2217,2002,2015
790,2218,2002,2003
791,2219,2002,2003
792,2220,2002,2004
793,2221,2004,2005
794,2222,2002,2015
795,2223,2002,2015
796,2224,2002,2014
797,2225,2002,2019
798,2226,2002,2009
799,2228,2002,2004
800,2229,2002,2014
801,2230,2002,2012
802,2237,2002,2002
803,2238,2002,2002
804,2239,2002,2010
805,2240,2002,2012
806,2241,2002,2005
807,2242,2002,2006
808,2243,2002,2012
809,2244,2002,2004
810,2245,2002,2005
811,2246,2003,2012
812,2248,2002,2014
813,2249,2002,2005
814,2250,2002,2012
815,2253,2003,2004
816,2254,2002,2008
817,2256,2003,2003
818,2257,2002,2004
819,2260,2002,2011
820,2261,2002,2003
821,2264,2002,2002
822,2294,2002,2011
823,2306,2002,2011
824,2321,2003,2005
825,2343,2002,2002
826,2347,2002,2002
827,2349,2002,2002
828,2351,2002,2003
829,2352,2002,2003
830,2357,2002,2005
831,2365,2002,2017
832,2366,2003,2010
833,2367,2005,2005
834,2369,2002,2002
835,2370,2002,2004
836,2397,2003,2011
837,2398,2003,2003
838,2399,2003,2017
839,2400,2003,2016
840,2401,2003,2006
841,2402,2003,2007
842,2403,2003,2020
843,2404,2003,2013
844,2405,2003,2016
845,2406,2003,2016
846,2407,2003,2013
847,2408,2003,2014
848,2409,2003,2010
849,2410,2003,2009
850,2411,2003,2008
851,2412,2003,2006
852,2413,2003,2009
853,2414,2004,2005
854,2415,2003,2005
855,2416,2003,2010
856,2417,2003,2006
857,2418,2003,2008
858,2419,2003,2016
859,2420,2005,2011
860,2421,2003,2005
861,2422,2003,2015
862,2423,2003,2004
863,2424,2003,2008
864,2425,2003,2004
865,2427,2003,2014
866,2428,2003,2003
867,2429,2003,2012
868,2430,2003,2015
869,2431,2010,2011
870,2432,2003,2003
871,2434,2008,2008
872,2435,2005,2006
873,2436,2003,2010
874,2437,2003,2006
875,2440,2004,2017
876,2441,2003,2007
877,2442,2003,2003
878,2443,2004,2011
879,2446,2003,2016
880,2447,2003,2005
881,2449,2008,2017
882,2450,2006,2006
883,2451,2005,2005
884,2452,2003,2004
885,2453,2003,2003
886,2454,2003,2007
887,2456,2003,2004
888,2457,2003,2015
889,2462,2003,2003
890,2466,2004,2004
891,2469,2003,2007
892,2470,2003,2008
893,2471,2003,2003
894,2484,2003,2010
895,2486,2005,2005
896,2492,2003,2003
897,2499,2004,2008
898,2501,2003,2015
899,2541,2003,2003
900,2544,2004,2024
901,2545,2004,2013
902,2546,2004,2022
903,2547,2004,2017
904,2548,2004,2019
905,2549,2004,2016
906,2550,2004,2016
907,2551,2003,2012
908,2552,2004,2007
909,2553,2004,2010
910,2554,2004,2013
911,2555,2005,2018
912,2556,2004,2011
913,2557,2004,2015
914,2558,2004,2006
915,2559,2004,2004
916,2560,2004,2007
917,2561,2004,2018
918,2562,2004,2013
919,2563,2004,2017
920,2564,2004,2017
921,2565,2003,2006
922,2566,2004,2014
923,2567,2004,2012
924,2568,2005,2014
925,2569,2004,2005
926,2570,2004,2018
927,2571,2004,2017
928,2572,2004,2013
929,2573,2004,2006
930,2574,2004,2012
931,2575,2004,2013
932,2580,2004,2004
933,2581,2004,2016
934,2582,2004,2004
935,2583,2006,2006
936,2584,2004,2015
937,2585,2004,2019
938,2586,2004,2014
939,2588,2005,2016
940,2590,2004,2017
941,2591,2006,2007
942,2592,2004,2017
943,2594,2004,2020
944,2599,2004,2005
945,2601,2007,2007
946,2602,2004,2004
947,2604,2004,2005
948,2605,2004,2013
949,2617,2004,2023
950,2624,2005,2011
951,2632,2004,2005
952,2637,2006,2006
953,2639,2004,2005
954,2648,2004,2011
955,2657,2005,2005
956,2667,2004,2004
957,2668,2004,2012
958,2669,2004,2009
959,2673,2004,2004
960,2679,2004,2013
961,2682,2004,2005
962,2684,2006,2006
963,2688,2005,2005
964,2693,2004,2007
965,2694,2006,2014
966,2696,2007,2007
967,2724,2004,2004
968,2730,2005,2022
969,2731,2005,2018
970,2732,2005,2015
971,2733,2005,2019
972,2734,2005,2019
973,2735,2005,2014
974,2736,2005,2019
975,2737,2005,2007
976,2738,2005,2023
977,2739,2005,2008
978,2740,2005,2014
979,2741,2005,2009
980,2742,2005,2015
981,2743,2005,2017
982,2744,2005,2018
983,2745,2005,2008
984,2746,2005,2018
985,2747,2005,2020
986,2748,2005,2016
987,2749,2005,2018
988,2750,2005,2006
989,2751,2005,2008
990,2752,2006,2006
991,2753,2005,2012
992,2754,2005,2018
993,2755,2005,2016
994,2756,2005,2017
995,2757,2005,2017
996,2758,2005,2008
997,2760,2005,2021
998,2761,2005,2006
999,2762,2005,2006
1000,2763,2005,2005
1001,2764,2005,2006
1002,2765,2005,2012
1003,2766,2005,2006
1004,2767,2005,2014
1005,2768,2005,2013
1006,2770,2005,2007
1007,2772,2005,2022
1008,2773,2005,2005
1009,2774,2005,2007
1010,2775,2005,2006
1011,2776,2005,2007
1012,2779,2007,2007
1013,2782,2005,2007
1014,2784,2005,2005
1015,2788,2005,2011
1016,2798,2005,2005
1017,2800,2005,2005
1018,2804,2005,2012
1019,2809,2006,2006
1020,2810,2007,2009
1021,2823,2005,2006
1022,2824,2007,2009
1023,2825,2005,2005
1024,2839,2005,2006
1025,2845,2005,2005
1026,2852,2005,2008
1027,2853,2006,2015
1028,2857,2005,2008
1029,2863,2005,2018
1030,2866,2005,2007
1031,2867,2008,2008
1032,2873,2005,2008
1033,2876,2005,2007
1034,2891,2005,2005
1035,101106,2006,2019
1036,101107,2006,2020
1037,101108,2006,2024
1038,101109,2006,2019
1039,101110,2006,2016
1040,101111,2006,2016
1041,101112,2006,2019
1042,101113,2006,2012
1043,101114,2006,2017
1044,101115,2006,2014
1045,101117,2006,2007
1046,101118,2006,2010
1047,101119,2006,2009
1048,101120,2006,2011
1049,101121,2006,2011
1050,101122,2006,2015
1051,101123,2006,2020
1052,101124,2006,2013
1053,101125,2006,2007
1054,101126,2006,2016
1055,101127,2006,2018
1056,101128,2006,2015
1057,101129,2006,2011
1058,101130,2006,2013
1059,101131,2006,2015
1060,101132,2006,2013
1061,101133,2008,2020
1062,101134,2006,2007
1063,101135,2006,2017
1064,101136,2006,2009
1065,101137,2006,2007
1066,101138,2006,2017
1067,101139,2006,2022
1068,101141,2006,2022
1069,101142,2006,2015
1070,101143,2006,2010
1071,101144,2006,2012
1072,101145,2006,2017
1073,101146,2009,2010
1074,101147,2006,2006
1075,101148,2007,2007
1076,101149,2006,2007
1077,101150,2006,2022
1078,101152,2006,2007
1079,101153,2007,2013
1080,101154,2006,2014
1081,101155,2006,2014
1082,101156,2006,2006
1083,101158,2006,2011
1084,101159,2006,2007
1085,101160,2006,2007
1086,101161,2006,2019
1087,101162,2008,2019
1088,101165,2006,2009
1089,101166,2007,2007
1090,101177,2006,2011
1091,101178,2006,2006
1092,101179,2006,2017
1093,101180,2006,2007
1094,101181,2006,2019
1095,101182,2006,2007
1096,101183,2006,2015
1097,101184,2006,2006
1098,101185,2006,2007
1099,101186,2006,2006
1100,101187,2006,2017
1101,101188,2006,2006
1102,101189,2006,2012
1103,101190,2006,2006
1104,101194,2006,2009
1105,101195,2006,2007
1106,101198,2006,2015
1107,101204,2006,2013
1108,101207,2006,2006
1109,101209,2006,2006
1110,101211,2006,2011
1111,101212,2006,2007
1112,101213,2006,2006
1113,101214,2009,2011
1114,101215,2007,2013
1115,101219,2006,2006
1116,101223,2006,2006
1117,101230,2006,2006
1118,101232,2007,2007
1119,101235,2007,2012
1120,101236,2006,2016
1121,101238,2006,2006
1122,101247,2008,2008
1123,101249,2006,2017
1124,101252,2006,2006
1125,101261,2006,2008
1126,200081,2008,2012
1127,200525,2009,2009
1128,200745,2007,2016
1129,200746,2007,2022
1130,200747,2007,2010
1131,200748,2007,2015
1132,200749,2007,2012
1133,200750,2007,2013
1134,200751,2007,2017
1135,200752,2007,2023
1136,200753,2007,2010
1137,200754,2007,2009
1138,200755,2007,2021
1139,200756,2007,2014
1140,200757,2007,2020
1141,200758,2007,2014
1142,200759,2007,2009
1143,200760,2007,2011
1144,200761,2007,2015
1145,200762,2008,2010
1146,200763,2007,2010
1147,200764,2007,2012
1148,200765,2007,2022
1149,200766,2007,2010
1150,200767,2007,2010
1151,200768,2007,2024
1152,200769,2007,2015
1153,200770,2007,2017
1154,200771,2007,2017
1155,200772,2007,2011
1156,200776,2007,2010
1157,200777,2013,2015
1158,200778,2007,2013
1159,200779,2007,2017
1160,200780,2007,2014
1161,200781,2007,2010
1162,200782,2007,2024
1163,200783,2007,2012
1164,200784,2007,2008
1165,200785,2008,2008
1166,200786,2007,2008
1167,200788,2007,2008
1168,200789,2007,2013
1169,200790,2007,2008
1170,200792,2007,2010
1171,200793,2007,2009
1172,200794,2007,2022
1173,200796,2007,2011
1174,200797,2007,2016
1175,200798,2008,2009
1176,200799,2008,2008
1177,200801,2007,2009
1178,200806,2007,2007
1179,200807,2007,2007
1180,200809,2007,2013
1181,200810,2007,2007
1182,200811,2007,2016
1183,200814,2007,2009
1184,200816,2007,2008
1185,200817,2011,2011
1186,200818,2007,2008
1187,200821,2007,2010
1188,200822,2007,2011
1189,200823,2007,2007
1190,200826,2007,2020
1191,200827,2008,2008
1192,200829,2007,2007
1193,200835,2007,2009
1194,200837,2007,2007
1195,200838,2007,2007
1196,200839,2008,2014
1197,200840,2007,2007
1198,200841,2007,2007
1199,200848,2007,2007
1200,200856,2007,2007
1201,200970,2007,2007
1202,200971,2009,2009
1203,200978,2007,2009
1204,200984,2008,2008
1205,201041,2012,2012
1206,201043,2007,2010
1207,201141,2008,2014
1208,201142,2008,2024
1209,201143,2008,2024
1210,201144,2008,2024
1211,201145,2008,2024
1212,201146,2008,2012
1213,201147,2008,2020
1214,201148,2008,2018
1215,201149,2008,2020
1216,201150,2008,2017
1217,201151,2008,2011
1218,201152,2008,2024
1219,201153,2008,2011
1220,201154,2008,2011
1221,201155,2008,2017
1222,201156,2008,2019
1223,201157,2008,2012
1224,201158,2008,2020
1225,201159,2008,2010
1226,201160,2008,2019
1227,201161,2008,2013
1228,201162,2008,2021
1229,201163,2008,2020
1230,201164,2009,2012
1231,201165,2008,2012
1232,201166,2008,2018
1233,201167,2008,2018
1234,201168,2011,2017
1235,201169,2008,2010
1236,201171,2008,2016
1237,201172,2008,2009
1238,201173,2008,2009
1239,201174,2008,2008
1240,201175,2008,2015
1241,201176,2008,2009
1242,201177,2008,2018
1243,201178,2008,2012
1244,201180,2009,2009
1245,201181,2008,2010
1246,201182,2012,2012
1247,201183,2008,2008
1248,201186,2008,2008
1249,201187,2008,2013
1250,201188,2009,2021
1251,201189,2008,2014
1252,201191,2008,2010
1253,201192,2008,2008
1254,201193,2008,2009
1255,201195,2008,2008
1256,201196,2008,2018
1257,201199,2008,2008
1258,201202,2008,2017
1259,201203,2008,2014
1260,201204,2008,2008
1261,201207,2008,2010
1262,201208,2008,2012
1263,201228,2008,2017
1264,201229,2009,2022
1265,201234,2009,2012
1266,201235,2008,2009
1267,201238,2008,2011
1268,201242,2008,2009
1269,201274,2012,2013
1270,201281,2018,2019
1271,201286,2012,2012
1272,201291,2012,2012
1273,201336,2008,2012
1274,201446,2009,2009
1275,201563,2009,2019
1276,201564,2009,2016
1277,201565,2009,2024
1278,201566,2009,2024
1279,201567,2009,2024
1280,201568,2009,2024
1281,201569,2009,2024
1282,201570,2009,2011
1283,201571,2009,2023
1284,201572,2009,2024
1285,201573,2009,2019
1286,201574,2009,2016
1287,201575,2009,2018
1288,201576,2009,2014
1289,201577,2009,2024
1290,201578,2009,2018
1291,201579,2009,2017
1292,201580,2009,2024
1293,201581,2009,2016
1294,201582,2009,2018
1295,201583,2009,2020
1296,201584,2009,2020
1297,201585,2009,2019
1298,201586,2010,2023
1299,201587,2009,2024
1300,201588,2009,2023
1301,201589,2009,2018
1302,201590,2009,2013
1303,201591,2009,2014
1304,201592,2009,2010
1305,201593,2011,2017
1306,201594,2009,2009
1307,201595,2009,2015
1308,201596,2009,2022
1309,201599,2009,2024
1310,201600,2011,2019
1311,201601,2009,2020
1312,201602,2009,2011
1313,201603,2009,2016
1314,201604,2009,2015
1315,201605,2009,2010
1316,201606,2009,2009
1317,201607,2011,2011
1318,201609,2009,2023
1319,201611,2009,2015
1320,201612,2009,2010
1321,201613,2009,2009
1322,201616,2009,2011
1323,201619,2016,2016
1324,201621,2009,2009
1325,201623,2011,2012
1326,201627,2009,2017
1327,201628,2009,2018
1328,201629,2009,2010
1329,201631,2009,2009
1330,201632,2009,2013
1331,201633,2009,2010
1332,201634,2009,2009
1333,201785,2010,2014
1334,201802,2010,2010
1335,201805,2009,2010
1336,201814,2011,2012
1337,201821,2010,2010
1338,201858,2009,2015
1339,201880,2010,2015
1340,201933,2010,2023
1341,201934,2010,2014
1342,201935,2010,2024
1343,201936,2010,2019
1344,201937,2012,2024
1345,201938,2010,2012
1346,201939,2010,2024
1347,201941,2010,2017
1348,201942,2010,2024
1349,201943,2010,2018
1350,201944,2010,2013
1351,201945,2010,2017
1352,201946,2010,2016
1353,201947,2010,2015
1354,201948,2010,2015
1355,201949,2010,2024
1356,201950,2010,2024
1357,201951,2010,2018
1358,201952,2010,2021
1359,201953,2010,2014
1360,201954,2010,2022
1361,201956,2010,2019
1362,201957,2010,2014
1363,201958,2010,2013
1364,201959,2010,2024
1365,201960,2010,2020
1366,201961,2010,2022
1367,201962,2010,2017
1368,201963,2011,2012
1369,201964,2013,2015
1370,201965,2010,2016
1371,201966,2010,2011
1372,201967,2010,2019
1373,201969,2010,2013
1374,201970,2010,2013
1375,201971,2010,2016
1376,201972,2010,2012
1377,201973,2010,2019
1378,201974,2010,2012
1379,201975,2010,2019
1380,201976,2013,2024
1381,201977,2010,2017
1382,201978,2010,2016
1383,201979,2014,2015
1384,201980,2010,2024
1385,201981,2010,2010
1386,201985,2010,2015
1387,201986,2013,2014
1388,201987,2011,2011
1389,201988,2010,2024
1390,201991,2010,2015
1391,201998,2010,2010
1392,202066,2010,2024
1393,202067,2012,2012
1394,202068,2010,2010
1395,202070,2010,2010
1396,202077,2011,2015
1397,202079,2010,2010
1398,202081,2011,2012
1399,202082,2011,2012
1400,202083,2010,2024
1401,202086,2010,2010
1402,202087,2010,2017
1403,202091,2014,2014
1404,202130,2010,2017
1405,202132,2010,2010
1406,202148,2012,2012
1407,202178,2010,2012
1408,202197,2014,2014
1409,202220,2011,2011
1410,202221,2010,2010
1411,202227,2012,2013
1412,202238,2010,2010
1413,202322,2011,2023
1414,202323,2011,2020
1415,202324,2011,2023
1416,202325,2011,2019
1417,202326,2011,2022
1418,202327,2011,2019
1419,202328,2011,2022
1420,202329,2011,2022
1421,202330,2011,2024
1422,202331,2011,2024
1423,202332,2011,2018
1424,202333,2011,2015
1425,202334,2011,2022
1426,202335,2011,2021
1427,202336,2011,2017
1428,202337,2011,2018
1429,202338,2011,2017
1430,202339,2011,2022
1431,202340,2011,2022
1432,202341,2011,2016
1433,202342,2011,2012
1434,202343,2011,2016
1435,202344,2011,2018
1436,202345,2011,2014
1437,202346,2011,2013
1438,202347,2011,2019
1439,202348,2011,2018
1440,202349,2011,2017
1441,202350,2011,2014
1442,202351,2011,2013
1443,202353,2016,2016
1444,202354,2011,2014
1445,202355,2011,2022
1446,202356,2011,2012
1447,202357,2016,2022
1448,202358,2011,2011
1449,202359,2011,2012
1450,202360,2011,2011
1451,202361,2011,2015
1452,202362,2011,2022
1453,202363,2013,2014
1454,202364,2011,2011
1455,202365,2011,2013
1456,202366,2012,2015
1457,202371,2011,2011
1458,202374,2011,2012
1459,202375,2011,2011
1460,202376,2011,2013
1461,202377,2011,2011
1462,202378,2011,2011
1463,202379,2011,2018
1464,202380,2011,2014
1465,202382,2011,2012
1466,202385,2012,2012
1467,202386,2011,2012
1468,202388,2012,2016
1469,202389,2011,2019
1470,202390,2011,2017
1471,202391,2011,2019
1472,202392,2011,2011
1473,202394,2011,2011
1474,202395,2011,2011
1475,202396,2011,2013
1476,202397,2011,2024
1477,202399,2011,2015
1478,202406,2012,2012
1479,202407,2015,2017
1480,202408,2011,2011
1481,202412,2011,2017
1482,202419,2011,2013
1483,202458,2012,2013
1484,202498,2012,2020
1485,202536,2012,2012
1486,202545,2013,2013
1487,202620,2014,2017
1488,202622,2012,2012
1489,202681,2012,2024
1490,202682,2012,2018
1491,202683,2012,2022
1492,202684,2012,2024
1493,202685,2013,2024
1494,202686,2012,2014
1495,202687,2012,2024
1496,202688,2012,2022
1497,202689,2012,2023
1498,202690,2012,2019
1499,202691,2012,2024
1500,202692,2012,2024
1501,202693,2012,2024
1502,202694,2012,2024
1503,202695,2012,2024
1504,202696,2012,2024
1505,202697,2012,2021
1506,202698,2012,2014
1507,202699,2012,2024
1508,202700,2013,2019
1509,202701,2012,2013
1510,202702,2012,2019
1511,202703,2015,2019
1512,202704,2012,2024
1513,202705,2012,2019
1514,202706,2012,2016
1515,202707,2012,2012
1516,202708,2012,2017
1517,202709,2012,2024
1518,202710,2012,2024
1519,202711,2015,2024
1520,202712,2012,2017
1521,202713,2013,2018
1522,202714,2012,2019
1523,202715,2012,2013
1524,202716,2012,2012
1525,202717,2012,2013
1526,202718,2012,2020
1527,202719,2012,2014
1528,202720,2012,2019
1529,202721,2012,2015
1530,202722,2017,2024
1531,202723,2012,2015
1532,202724,2012,2013
1533,202725,2012,2014
1534,202726,2012,2016
1535,202727,2012,2013
1536,202728,2012,2012
1537,202729,2012,2013
1538,202730,2012,2017
1539,202731,2012,2012
1540,202732,2012,2018
1541,202734,2012,2022
1542,202738,2012,2024
1543,202775,2012,2012
1544,202779,2014,2018
1545,202809,2012,2013
1546,202810,2012,2012
1547,202814,2012,2012
1548,202862,2012,2012
1549,202874,2012,2014
1550,202880,2012,2012
1551,202918,2012,2018
1552,202933,2012,2018
1553,202951,2012,2020
1554,202952,2012,2015
1555,202954,2019,2022
1556,202962,2012,2016
1557,202970,2012,2014
1558,203006,2013,2013
1559,203076,2013,2024
1560,203077,2013,2020
1561,203078,2013,2024
1562,203079,2013,2020
1563,203080,2013,2017
1564,203081,2013,2024
1565,203082,2013,2023
1566,203083,2013,2024
1567,203084,2013,2024
1568,203085,2013,2023
1569,203086,2013,2023
1570,203087,2013,2022
1571,203088,2013,2016
1572,203089,2013,2021
1573,203090,2013,2022
1574,203091,2013,2014
1575,203092,2013,2020
1576,203093,2013,2019
1577,203094,2013,2017
1578,203095,2013,2024
1579,203096,2013,2017
1580,203097,2013,2013
1581,203098,2013,2019
1582,203099,2013,2016
1583,203100,2013,2016
1584,203101,2013,2019
1585,203102,2013,2014
1586,203103,2013,2015
1587,203104,2013,2018
1588,203105,2013,2017
1589,203106,2013,2015
1590,203107,2017,2022
1591,203108,2013,2015
1592,203109,2013,2024
1593,203110,2013,2024
1594,203111,2013,2016
1595,203112,2013,2019
1596,203113,2013,2015
1597,203114,2013,2024
1598,203115,2013,2023
1599,203116,2013,2014
1600,203117,2013,2014
1601,203118,2013,2021
1602,203119,2013,2013
1603,203120,2014,2017
1604,203121,2013,2021
1605,203122,2013,2013
1606,203123,2015,2016
1607,203124,2013,2020
1608,203126,2013,2013
1609,203128,2015,2015
1610,203129,2013,2014
1611,203130,2013,2014
1612,203133,2014,2015
1613,203135,2013,2016
1614,203136,2014,2015
1615,203138,2014,2017
1616,203139,2013,2014
1617,203141,2013,2018
1618,203142,2013,2016
1619,203143,2013,2016
1620,203144,2013,2015
1621,203145,2013,2022
1622,203146,2013,2014
1623,203147,2014,2014
1624,203148,2013,2017
1625,203156,2013,2016
1626,203158,2013,2013
1627,203159,2013,2019
1628,203162,2013,2013
1629,203183,2014,2014
1630,203186,2013,2018
1631,203187,2013,2016
1632,203197,2013,2014
1633,203199,2013,2013
1634,203200,2013,2024
1635,203203,2013,2013
1636,203210,2015,2023
1637,203263,2014,2021
1638,203268,2014,2016
1639,203315,2014,2015
1640,203317,2013,2013
1641,203318,2014,2015
1642,203382,2013,2021
1643,203457,2014,2023
1644,203458,2014,2024
1645,203459,2014,2020
1646,203460,2014,2021
1647,203461,2014,2017
1648,203462,2014,2017
1649,203463,2014,2022
1650,203464,2018,2018
1651,203467,2014,2018
1652,203468,2014,2024
1653,203469,2014,2024
1654,203471,2014,2024
1655,203473,2014,2023
1656,203474,2014,2019
1657,203475,2015,2016
1658,203476,2014,2023
1659,203477,2014,2019
1660,203479,2014,2015
1661,203480,2014,2014
1662,203481,2014,2018
1663,203482,2014,2024
1664,203484,2014,2024
1665,203485,2014,2019
1666,203486,2014,2024
1667,203487,2014,2023
1668,203488,2014,2024
1669,203489,2014,2018
1670,203490,2014,2024
1671,203491,2014,2014
1672,203492,2014,2017
1673,203493,2014,2024
1674,203495,2014,2015
1675,203496,2014,2024
1676,203497,2014,2024
1677,203498,2014,2018
1678,203499,2014,2018
1679,203500,2014,2024
1680,203501,2014,2024
1681,203502,2014,2015
1682,203503,2014,2022
1683,203504,2014,2022
1684,203505,2014,2018
1685,203506,2014,2024
1686,203507,2014,2024
1687,203508,2014,2016
1688,203510,2017,2017
1689,203511,2014,2015
1690,203512,2015,2018
1691,203513,2014,2014
1692,203515,2014,2016
1693,203516,2015,2022
1694,203517,2014,2015
1695,203518,2017,2019
1696,203519,2014,2014
1697,203521,2014,2023
1698,203524,2014,2022
1699,203526,2016,2023
1700,203527,2014,2017
1701,203530,2015,2018
1702,203539,2014,2015
1703,203540,2014,2015
1704,203543,2014,2015
1705,203544,2014,2015
1706,203545,2014,2015
1707,203546,2014,2019
1708,203547,2018,2018
1709,203548,2014,2014
1710,203552,2014,2024
1711,203561,2014,2015
1712,203564,2015,2019
1713,203565,2015,2015
1714,203569,2014,2015
1715,203580,2015,2018
1716,203584,2014,2020
1717,203585,2017,2023
1718,203590,2018,2018
1719,203613,2016,2019
1720,203648,2016,2024
1721,203658,2020,2022
1722,203687,2018,2018
1723,203705,2018,2020
1724,203710,2018,2019
1725,203798,2015,2016
1726,203805,2015,2015
1727,203810,2014,2014
1728,203816,2014,2022
1729,203893,2015,2016
1730,203894,2015,2020
1731,203895,2016,2020
1732,203897,2015,2024
1733,203898,2015,2018
1734,203900,2015,2018
1735,203901,2015,2022
1736,203902,2017,2017
1737,203903,2015,2024
1738,203906,2015,2016
1739,203909,2015,2018
1740,203910,2015,2015
1741,203912,2015,2019
1742,203913,2015,2015
1743,203914,2015,2024
1744,203915,2015,2024
1745,203917,2015,2022
1746,203918,2015,2022
1747,203919,2015,2016
1748,203920,2018,2023
1749,203921,2015,2016
1750,203922,2015,2021
1751,203923,2015,2018
1752,203924,2015,2024
1753,203925,2015,2024
1754,203926,2015,2024
1755,203928,2015,2016
1756,203930,2015,2018
1757,203932,2015,2024
1758,203933,2015,2024
1759,203934,2016,2017
1760,203935,2015,2024
1761,203937,2015,2024
1762,203939,2015,2024
1763,203940,2015,2018
1764,203942,2015,2015
1765,203943,2015,2023
1766,203944,2015,2024
1767,203945,2015,2015
1768,203946,2015,2016
1769,203948,2015,2018
1770,203949,2015,2018
1771,203950,2015,2019
1772,203951,2016,2016
1773,203952,2015,2024
1774,203953,2015,2022
1775,203954,2015,2024
1776,203955,2015,2016
1777,203956,2015,2016
1778,203957,2015,2024
1779,203958,2015,2015
1780,203960,2015,2021
1781,203961,2015,2019
1782,203962,2016,2018
1783,203963,2015,2016
1784,203966,2018,2018
1785,203967,2017,2024
1786,203968,2015,2015
1787,203991,2015,2024
1788,203992,2018,2024
1789,203994,2015,2024
1790,203995,2024,2024
1791,203996,2015,2016
1792,203998,2015,2021
1793,203999,2016,2024
1794,204001,2016,2024
1795,204002,2016,2017
1796,204014,2015,2017
1797,204020,2015,2022
1798,204021,2015,2015
1799,204022,2015,2018
1800,204025,2015,2022
1801,204028,2015,2018
1802,204033,2015,2015
1803,204037,2015,2019
1804,204038,2015,2022
1805,204040,2015,2015
1806,204054,2015,2015
1807,204060,2015,2024
1808,204065,2015,2018
1809,204066,2016,2019
1810,204067,2015,2018
1811,204076,2019,2019
1812,204079,2015,2015
1813,204098,2016,2018
1814,204179,2018,2018
1815,204222,2021,2021
1816,204456,2016,2024
1817,1626143,2016,2021
1818,1626144,2016,2022
1819,1626145,2016,2024
1820,1626146,2016,2016
1821,1626147,2016,2022
1822,1626148,2016,2018
1823,1626149,2016,2023
1824,1626150,2017,2019
1825,1626151,2016,2018
1826,1626153,2016,2024
1827,1626154,2016,2019
1828,1626155,2016,2022
1829,1626156,2016,2024
1830,1626157,2016,2024
1831,1626158,2016,2024
1832,1626159,2016,2024
1833,1626161,2016,2023
1834,1626162,2016,2024
1835,1626163,2016,2023
1836,1626164,2016,2024
1837,1626166,2016,2024
1838,1626167,2016,2024
1839,1626168,2016,2024
1840,1626169,2016,2023
1841,1626170,2016,2020
1842,1626171,2016,2024
1843,1626172,2016,2024
1844,1626173,2016,2018
1845,1626174,2016,2024
1846,1626175,2016,2018
1847,1626176,2016,2017
1848,1626177,2018,2018
1849,1626178,2016,2021
1850,1626179,2016,2024
1851,1626181,2016,2024
1852,1626183,2016,2016
1853,1626184,2017,2021
1854,1626185,2016,2019
1855,1626187,2019,2020
1856,1626188,2017,2021
1857,1626191,2016,2018
1858,1626192,2016,2024
1859,1626194,2018,2018
1860,1626195,2017,2023
1861,1626196,2016,2024
1862,1626198,2018,2018
1863,1626199,2016,2018
1864,1626202,2016,2018
1865,1626203,2017,2020
1866,1626204,2016,2024
1867,1626205,2018,2018
1868,1626208,2022,2022
1869,1626209,2016,2020
1870,1626210,2016,2019
1871,1626214,2016,2016
1872,1626218,2020,2020
1873,1626220,2018,2024
1874,1626224,2018,2024
1875,1626242,2016,2018
1876,1626245,2016,2021
1877,1626246,2016,2024
1878,1626251,2016,2016
1879,1626253,2016,2021
1880,1626254,2017,2017
1881,1626257,2016,2019
1882,1626259,2018,2020
1883,1626260,2020,2020
1884,1626262,2016,2016
1885,1626266,2016,2016
1886,1626273,2016,2017
1887,1626296,2019,2019
1888,1626643,2018,2018
1889,1626780,2017,2019
1890,1627098,2017,2018
1891,1627208,2019,2019
1892,1627215,2018,2019
1893,1627293,2016,2016
1894,1627362,2016,2018
1895,1627395,2019,2019
1896,1627732,2017,2024
1897,1627733,2017,2020
1898,1627734,2017,2024
1899,1627735,2017,2019
1900,1627736,2017,2024
1901,1627737,2017,2022
1902,1627738,2017,2019
1903,1627739,2017,2024
1904,1627740,2017,2021
1905,1627741,2017,2024
1906,1627742,2017,2024
1907,1627743,2017,2019
1908,1627744,2017,2018
1909,1627745,2017,2024
1910,1627746,2017,2020
1911,1627747,2017,2024
1912,1627748,2017,2021
1913,1627749,2017,2024
1914,1627750,2017,2024
1915,1627751,2017,2024
1916,1627752,2017,2024
1917,1627753,2018,2019
1918,1627754,2017,2017
1919,1627755,2017,2019
1920,1627756,2017,2022
1921,1627757,2017,2017
1922,1627758,2017,2019
1923,1627759,2017,2024
1924,1627760,2022,2022
1925,1627761,2017,2022
1926,1627762,2017,2018
1927,1627763,2017,2024
1928,1627767,2017,2022
1929,1627770,2017,2018
1930,1627771,2017,2017
1931,1627772,2018,2019
1932,1627773,2017,2018
1933,1627774,2017,2022
1934,1627775,2017,2021
1935,1627777,2017,2024
1936,1627778,2017,2018
1937,1627779,2018,2018
1938,1627780,2017,2024
1939,1627781,2017,2019
1940,1627782,2017,2022
1941,1627783,2017,2024
1942,1627784,2017,2020
1943,1627785,2017,2019
1944,1627786,2017,2019
1945,1627787,2017,2017
1946,1627788,2018,2024
1947,1627789,2017,2022
1948,1627790,2018,2020
1949,1627791,2017,2017
1950,1627812,2017,2021
1951,1627814,2018,2024
1952,1627815,2017,2020
1953,1627816,2017,2019
1954,1627817,2017,2018
1955,1627819,2017,2018
1956,1627820,2018,2022
1957,1627821,2018,2018
1958,1627822,2022,2022
1959,1627823,2017,2023
1960,1627824,2018,2019
1961,1627826,2017,2024
1962,1627827,2017,2024
1963,1627832,2017,2024
1964,1627834,2017,2018
1965,1627835,2017,2018
1966,1627846,2018,2022
1967,1627848,2017,2017
1968,1627849,2017,2017
1969,1627850,2017,2018
1970,1627851,2017,2018
1971,1627852,2017,2018
1972,1627853,2018,2024
1973,1627854,2017,2023
1974,1627855,2017,2019
1975,1627856,2018,2018
1976,1627858,2018,2018
1977,1627861,2017,2017
1978,1627863,2017,2024
1979,1627866,2018,2018
1980,1627868,2017,2017
1981,1627875,2017,2018
1982,1627879,2017,2017
1983,1627883,2018,2019
1984,1627884,2017,2024
1985,1627885,2018,2024
1986,1627936,2018,2024
1987,1627982,2018,2020
1988,1627988,2018,2018
1989,1628021,2017,2022
1990,1628035,2018,2022
1991,1628070,2019,2019
1992,1628221,2022,2023
1993,1628238,2022,2022
1994,1628249,2019,2019
1995,1628365,2018,2024
1996,1628366,2018,2024
1997,1628367,2018,2022
1998,1628368,2018,2024
1999,1628369,2018,2024
2000,1628370,2018,2024
2001,1628371,2018,2024
2002,1628372,2018,2024
2003,1628373,2018,2024
2004,1628374,2018,2024
2005,1628378,2018,2024
2006,1628379,2018,2024
2007,1628380,2018,2024
2008,1628381,2018,2024
2009,1628382,2018,2024
2010,1628383,2018,2021
2011,1628384,2018,2024
2012,1628385,2018,2024
2013,1628386,2018,2024
2014,1628387,2018,2019
2015,1628388,2018,2021
2016,1628389,2018,2024
2017,1628390,2018,2021
2018,1628391,2018,2024
2019,1628392,2019,2024
2020,1628393,2018,2019
2021,1628394,2020,2021
2022,1628395,2018,2022
2023,1628396,2018,2023
2024,1628397,2018,2020
2025,1628398,2018,2024
2026,1628399,2018,2019
2027,1628400,2018,2022
2028,1628401,2018,2024
2029,1628402,2018,2023
2030,1628403,2018,2020
2031,1628404,2018,2024
2032,1628405,2018,2020
2033,1628407,2018,2021
2034,1628408,2018,2023
2035,1628409,2018,2018
2036,1628410,2018,2023
2037,1628411,2018,2022
2038,1628412,2018,2021
2039,1628413,2019,2020
2040,1628414,2018,2021
2041,1628415,2018,2024
2042,1628416,2018,2023
2043,1628417,2019,2019
2044,1628418,2018,2024
2045,1628419,2021,2022
2046,1628420,2018,2024
2047,1628421,2018,2019
2048,1628422,2018,2022
2049,1628424,2018,2024
2050,1628425,2018,2023
2051,1628426,2024,2024
2052,1628427,2020,2024
2053,1628429,2018,2019
2054,1628430,2020,2020
2055,1628432,2018,2023
2056,1628435,2023,2023
2057,1628436,2018,2024
2058,1628439,2018,2019
2059,1628443,2018,2020
2060,1628444,2018,2019
2061,1628449,2018,2024
2062,1628450,2020,2020
2063,1628451,2018,2018
2064,1628454,2018,2018
2065,1628455,2018,2021
2066,1628462,2018,2019
2067,1628463,2018,2019
2068,1628464,2018,2024
2069,1628467,2018,2024
2070,1628469,2018,2019
2071,1628470,2018,2024
2072,1628473,2018,2018
2073,1628475,2018,2018
2074,1628476,2018,2022
2075,1628492,2018,2018
2076,1628493,2018,2018
2077,1628495,2018,2018
2078,1628499,2018,2020
2079,1628500,2018,2019
2080,1628502,2018,2018
2081,1628503,2018,2018
2082,1628504,2018,2018
2083,1628505,2019,2019
2084,1628506,2018,2018
2085,1628510,2018,2018
2086,1628513,2018,2020
2087,1628515,2019,2019
2088,1628518,2018,2020
2089,1628537,2018,2022
2090,1628539,2020,2022
2091,1628571,2018,2018
2092,1628575,2018,2018
2093,1628578,2021,2021
2094,1628591,2022,2022
2095,1628605,2019,2020
2096,1628610,2019,2019
2097,1628656,2019,2019
2098,1628681,2018,2018
2099,1628769,2019,2019
2100,1628778,2020,2022
2101,1628935,2018,2018
2102,1628959,2019,2019
2103,1628960,2019,2024
2104,1628961,2019,2023
2105,1628962,2021,2024
2106,1628963,2019,2024
2107,1628964,2019,2024
2108,1628966,2019,2024
2109,1628968,2020,2021
2110,1628969,2019,2024
2111,1628970,2019,2024
2112,1628971,2019,2024
2113,1628972,2019,2024
2114,1628973,2019,2024
2115,1628975,2019,2024
2116,1628976,2019,2024
2117,1628977,2019,2024
2118,1628978,2019,2024
2119,1628979,2019,2019
2120,1628980,2019,2020
2121,1628981,2020,2024
2122,1628982,2019,2022
2123,1628983,2019,2024
2124,1628984,2019,2024
2125,1628985,2020,2020
2126,1628987,2020,2020
2127,1628988,2019,2024
2128,1628989,2019,2024
2129,1628990,2019,2022
2130,1628991,2019,2024
2131,1628993,2019,2023
2132,1628994,2019,2022
2133,1628995,2019,2024
2134,1628997,2020,2024
2135,1628998,2020,2024
2136,1628999,2019,2019
2137,1629001,2019,2024
2138,1629002,2019,2024
2139,1629003,2019,2024
2140,1629004,2019,2024
2141,1629005,2020,2022
2142,1629006,2019,2024
2143,1629007,2020,2024
2144,1629008,2019,2024
2145,1629009,2019,2019
2146,1629010,2019,2024
2147,1629011,2019,2024
2148,1629012,2019,2024
2149,1629013,2019,2024
2150,1629014,2019,2024
2151,1629015,2019,2024
2152,1629016,2019,2021
2153,1629017,2019,2021
2154,1629018,2019,2024
2155,1629019,2019,2020
2156,1629020,2019,2024
2157,1629021,2019,2024
2158,1629022,2019,2024
2159,1629023,2020,2024
2160,1629026,2019,2024
2161,1629027,2019,2024
2162,1629028,2019,2024
2163,1629029,2019,2024
2164,1629033,2019,2023
2165,1629034,2019,2021
2166,1629035,2020,2022
2167,1629037,2019,2019
2168,1629044,2020,2020
2169,1629045,2019,2019
2170,1629048,2020,2024
2171,1629052,2020,2024
2172,1629053,2019,2019
2173,1629055,2019,2019
2174,1629056,2020,2023
2175,1629057,2019,2024
2176,1629058,2019,2020
2177,1629059,2019,2020
2178,1629060,2020,2024
2179,1629061,2019,2019
2180,1629065,2020,2020
2181,1629066,2019,2021
2182,1629067,2019,2022
2183,1629076,2020,2022
2184,1629083,2022,2022
2185,1629091,2021,2021
2186,1629093,2019,2019
2187,1629094,2019,2019
2188,1629102,2019,2019
2189,1629103,2020,2022
2190,1629109,2019,2022
2191,1629111,2022,2024
2192,1629116,2019,2019
2193,1629117,2019,2024
2194,1629118,2019,2019
2195,1629121,2019,2021
2196,1629122,2019,2020
2197,1629123,2019,2019
2198,1629126,2019,2023
2199,1629129,2019,2019
2200,1629130,2019,2024
2201,1629133,2019,2020
2202,1629134,2020,2023
2203,1629139,2019,2024
2204,1629140,2019,2020
2205,1629147,2019,2020
2206,1629150,2019,2022
2207,1629151,2019,2020
2208,1629152,2019,2019
2209,1629155,2019,2019
2210,1629162,2020,2024
2211,1629164,2019,2022
2212,1629167,2019,2019
2213,1629168,2019,2022
2214,1629185,2019,2022
2215,1629203,2019,2022
2216,1629216,2020,2024
2217,1629232,2024,2024
2218,1629234,2019,2024
2219,1629244,2019,2021
2220,1629308,2020,2024
2221,1629309,2022,2022
2222,1629312,2019,2024
2223,1629341,2019,2019
2224,1629346,2020,2021
2225,1629353,2019,2019
2226,1629460,2022,2022
2227,1629541,2019,2019
2228,1629597,2020,2022
2229,1629598,2020,2022
2230,1629599,2020,2024
2231,1629600,2022,2022
2232,1629602,2022,2022
2233,1629603,2021,2024
2234,1629604,2021,2022
2235,1629605,2020,2022
2236,1629606,2020,2021
2237,1629607,2020,2022
2238,1629608,2020,2020
2239,1629610,2020,2024
2240,1629611,2020,2024
2241,1629614,2023,2024
2242,1629617,2021,2022
2243,1629618,2024,2024
2244,1629619,2021,2022
2245,1629620,2020,2022
2246,1629621,2020,2020
2247,1629622,2020,2024
2248,1629623,2022,2024
2249,1629624,2020,2020
2250,1629625,2020,2020
2251,1629626,2020,2024
2252,1629627,2020,2024
2253,1629628,2020,2024
2254,1629629,2020,2024
2255,1629630,2020,2024
2256,1629631,2020,2024
2257,1629632,2020,2024
2258,1629633,2020,2023
2259,1629634,2020,2024
2260,1629635,2020,2022
2261,1629636,2020,2024
2262,1629637,2020,2024
2263,1629638,2020,2024
2264,1629639,2020,2024
2265,1629640,2020,2024
2266,1629641,2020,2023
2267,1629642,2020,2024
2268,1629643,2021,2024
2269,1629644,2020,2023
2270,1629645,2020,2023
2271,1629646,2022,2024
2272,1629647,2020,2024
2273,1629648,2020,2021
2274,1629649,2020,2022
2275,1629650,2020,2024
2276,1629651,2020,2024
2277,1629652,2020,2024
2278,1629653,2021,2023
2279,1629655,2020,2024
2280,1629656,2022,2024
2281,1629657,2020,2022
2282,1629658,2020,2022
2283,1629659,2020,2024
2284,1629660,2020,2024
2285,1629661,2020,2024
2286,1629662,2020,2023
2287,1629663,2020,2023
2288,1629665,2020,2021
2289,1629667,2020,2024
2290,1629668,2020,2020
2291,1629669,2020,2024
2292,1629670,2021,2024
2293,1629671,2020,2022
2294,1629672,2020,2022
2295,1629673,2020,2024
2296,1629674,2022,2024
2297,1629675,2020,2024
2298,1629676,2020,2023
2299,1629677,2020,2024
2300,1629678,2020,2024
2301,1629680,2020,2024
2302,1629681,2021,2022
2303,1629682,2020,2022
2304,1629683,2020,2022
2305,1629684,2020,2024
2306,1629685,2020,2024
2307,1629686,2021,2022
2308,1629689,2022,2022
2309,1629690,2020,2021
2310,1629712,2021,2022
2311,1629713,2020,2022
2312,1629714,2020,2023
2313,1629716,2020,2024
2314,1629717,2021,2024
2315,1629718,2020,2024
2316,1629719,2020,2022
2317,1629723,2020,2024
2318,1629724,2020,2020
2319,1629725,2020,2021
2320,1629726,2020,2024
2321,1629729,2020,2020
2322,1629730,2020,2022
2323,1629731,2020,2024
2324,1629734,2020,2020
2325,1629735,2020,2023
2326,1629738,2020,2021
2327,1629739,2020,2020
2328,1629740,2020,2021
2329,1629741,2020,2020
2330,1629742,2020,2020
2331,1629743,2020,2021
2332,1629744,2020,2022
2333,1629745,2020,2020
2334,1629750,2020,2024
2335,1629751,2021,2022
2336,1629752,2020,2022
2337,1629755,2022,2022
2338,1629756,2022,2022
2339,1629760,2020,2022
2340,1629783,2022,2022
2341,1629788,2022,2022
2342,1629833,2021,2022
2343,1629873,2022,2022
2344,1629875,2022,2024
2345,1629958,2022,2022
2346,1629962,2021,2022
2347,1630162,2021,2024
2348,1630163,2021,2024
2349,1630164,2021,2024
2350,1630165,2021,2024
2351,1630166,2021,2024
2352,1630167,2021,2024
2353,1630168,2021,2024
2354,1630169,2021,2024
2355,1630170,2021,2024
2356,1630171,2021,2024
2357,1630172,2021,2024
2358,1630173,2021,2024
2359,1630174,2021,2024
2360,1630175,2021,2024
2361,1630176,2021,2023
2362,1630177,2021,2024
2363,1630178,2021,2024
2364,1630179,2021,2022
2365,1630180,2021,2024
2366,1630181,2021,2024
2367,1630182,2021,2024
2368,1630183,2021,2024
2369,1630184,2021,2024
2370,1630185,2021,2021
2371,1630186,2021,2024
2372,1630187,2021,2022
2373,1630188,2021,2024
2374,1630189,2021,2021
2375,1630190,2021,2022
2376,1630191,2021,2024
2377,1630192,2021,2024
2378,1630193,2021,2024
2379,1630194,2021,2024
2380,1630195,2022,2023
2381,1630196,2024,2024
2382,1630197,2021,2024
2383,1630198,2021,2024
2384,1630199,2021,2022
2385,1630200,2021,2024
2386,1630201,2021,2024
2387,1630202,2021,2024
2388,1630203,2021,2022
2389,1630204,2021,2024
2390,1630205,2021,2024
2391,1630206,2021,2023
2392,1630207,2021,2024
2393,1630208,2021,2024
2394,1630209,2021,2024
2395,1630210,2021,2022
2396,1630211,2021,2021
2397,1630214,2021,2024
2398,1630215,2022,2024
2399,1630216,2021,2022
2400,1630217,2021,2024
2401,1630218,2021,2022
2402,1630219,2021,2024
2403,1630221,2021,2021
2404,1630222,2021,2024
2405,1630223,2021,2021
2406,1630224,2022,2024
2407,1630225,2022,2023
2408,1630227,2022,2024
2409,1630228,2022,2024
2410,1630230,2021,2024
2411,1630231,2021,2024
2412,1630233,2021,2024
2413,1630234,2021,2021
2414,1630235,2021,2024
2415,1630237,2021,2023
2416,1630238,2021,2022
2417,1630240,2021,2024
2418,1630241,2021,2024
2419,1630243,2022,2024
2420,1630245,2022,2024
2421,1630249,2022,2024
2422,1630250,2022,2023
2423,1630253,2021,2021
2424,1630256,2021,2024
2425,1630257,2022,2022
2426,1630258,2021,2021
2427,1630259,2024,2024
2428,1630264,2021,2024
2429,1630266,2021,2021
2430,1630267,2021,2023
2431,1630268,2021,2021
2432,1630270,2022,2023
2433,1630271,2021,2022
2434,1630273,2021,2022
2435,1630278,2022,2022
2436,1630284,2023,2024
2437,1630285,2022,2024
2438,1630286,2022,2022
2439,1630288,2022,2024
2440,1630296,2022,2024
2441,1630306,2022,2022
2442,1630311,2024,2024
2443,1630314,2022,2024
2444,1630322,2022,2024
2445,1630346,2022,2024
2446,1630466,2021,2022
2447,1630492,2021,2022
2448,1630525,2022,2022
2449,1630526,2022,2024
2450,1630527,2022,2024
2451,1630528,2022,2024
2452,1630529,2022,2024
2453,1630530,2022,2024
2454,1630531,2022,2024
2455,1630532,2022,2024
2456,1630533,2022,2024
2457,1630534,2023,2024
2458,1630535,2022,2024
2459,1630536,2022,2024
2460,1630537,2022,2024
2461,1630538,2022,2024
2462,1630539,2022,2024
2463,1630540,2022,2024
2464,1630541,2022,2024
2465,1630543,2022,2024
2466,1630544,2022,2024
2467,1630547,2022,2024
2468,1630548,2023,2024
2469,1630549,2022,2024
2470,1630550,2022,2024
2471,1630551,2022,2024
2472,1630552,2022,2024
2473,1630553,2022,2024
2474,1630554,2022,2024
2475,1630555,2022,2022
2476,1630556,2022,2024
2477,1630557,2022,2024
2478,1630558,2022,2024
2479,1630559,2022,2024
2480,1630560,2022,2024
2481,1630561,2022,2024
2482,1630562,2024,2024
2483,1630563,2022,2024
2484,1630564,2023,2024
2485,1630565,2022,2022
2486,1630567,2022,2024
2487,1630568,2022,2024
2488,1630570,2022,2024
2489,1630572,2022,2024
2490,1630573,2022,2024
2491,1630575,2022,2022
2492,1630577,2023,2024
2493,1630578,2022,2024
2494,1630579,2022,2024
2495,1630580,2022,2023
2496,1630581,2022,2024
2497,1630582,2022,2022
2498,1630583,2022,2024
2499,1630585,2022,2022
2500,1630586,2022,2024
2501,1630587,2022,2024
2502,1630589,2022,2022
2503,1630590,2023,2024
2504,1630591,2022,2024
2505,1630592,2024,2024
2506,1630593,2022,2023
2507,1630595,2022,2024
2508,1630596,2022,2024
2509,1630597,2022,2022
2510,1630598,2022,2024
2511,1630600,2023,2024
2512,1630602,2022,2022
2513,1630604,2023,2024
2514,1630605,2022,2022
2515,1630606,2022,2024
2516,1630607,2022,2022
2517,1630608,2024,2024
2518,1630610,2022,2024
2519,1630611,2024,2024
2520,1630612,2022,2022
2521,1630613,2022,2024
2522,1630618,2024,2024
2523,1630620,2023,2023
2524,1630622,2024,2024
2525,1630624,2022,2023
2526,1630625,2022,2024
2527,1630631,2022,2024
2528,1630637,2022,2023
2529,1630639,2023,2024
2530,1630640,2022,2022
2531,1630641,2023,2024
2532,1630643,2022,2024
2533,1630644,2022,2023
2534,1630647,2022,2024
2535,1630648,2022,2023
2536,1630649,2023,2024
2537,1630658,2024,2024
2538,1630678,2022,2024
2539,1630686,2022,2022
2540,1630688,2022,2024
2541,1630691,2022,2022
2542,1630692,2022,2024
2543,1630693,2022,2022
2544,1630695,2022,2024
2545,1630696,2023,2024
2546,1630698,2022,2022
2547,1630699,2023,2024
2548,1630700,2023,2024
2549,1630701,2023,2023
2550,1630702,2023,2024
2551,1630703,2024,2024
2552,1630707,2022,2022
2553,1630758,2022,2022
2554,1630787,2022,2022
2555,1630792,2022,2024
2556,1630846,2022,2024
2557,1630929,2024,2024
2558,1630994,2022,2022
2559,1631093,2023,2024
2560,1631094,2023,2024
2561,1631095,2023,2024
2562,1631096,2023,2024
2563,1631097,2023,2024
2564,1631098,2023,2024
2565,1631099,2023,2024
2566,1631100,2023,2024
2567,1631101,2023,2024
2568,1631102,2023,2024
2569,1631103,2023,2024
2570,1631104,2023,2024
2571,1631105,2023,2024
2572,1631106,2023,2024
2573,1631107,2023,2024
2574,1631108,2023,2024
2575,1631109,2023,2024
2576,1631110,2023,2024
2577,1631111,2023,2024
2578,1631112,2023,2024
2579,1631113,2023,2023
2580,1631114,2023,2024
2581,1631115,2023,2024
2582,1631116,2023,2024
2583,1631117,2023,2024
2584,1631119,2023,2024
2585,1631120,2023,2024
2586,1631121,2023,2024
2587,1631123,2023,2024
2588,1631124,2024,2024
2589,1631128,2023,2024
2590,1631131,2024,2024
2591,1631132,2023,2024
2592,1631133,2023,2024
2593,1631157,2023,2024
2594,1631159,2024,2024
2595,1631160,2023,2023
2596,1631165,2023,2024
2597,1631167,2024,2024
2598,1631169,2023,2024
2599,1631170,2024,2024
2600,1631171,2023,2024
2601,1631172,2023,2024
2602,1631173,2024,2024
2603,1631197,2023,2024
2604,1631199,2023,2024
2605,1631200,2024,2024
2606,1631204,2024,2024
2607,1631205,2023,2024
2608,1631207,2023,2024
2609,1631209,2024,2024
2610,1631210,2024,2024
2611,1631211,2023,2023
2612,1631212,2023,2024
2613,1631213,2023,2023
2614,1631214,2023,2024
2615,1631216,2023,2024
2616,1631217,2023,2024
2617,1631218,2024,2024
2618,1631219,2023,2024
2619,1631220,2023,2024
2620,1631221,2023,2024
2621,1631222,2023,2024
2622,1631223,2023,2024
2623,1631230,2023,2024
2624,1631241,2024,2024
2625,1631243,2024,2024
2626,1631245,2023,2024
2627,1631246,2023,2024
2628,1631250,2024,2024
2629,1631254,2023,2024
2630,1631257,2024,2024
2631,1631260,2023,2024
2632,1631262,2024,2024
2633,1631288,2023,2024
2634,1631298,2023,2024
2635,1631303,2023,2024
2636,1631306,2023,2024
2637,1631309,2023,2023
2638,1631311,2023,2024
2639,1631320,2023,2023
2640,1631321,2024,2024
2641,1631323,2023,2024
2642,1631338,2024,2024
2643,1631367,2023,2024
2644,1631376,2024,2024
2645,1631386,2024,2024
2646,1631466,2023,2024
2647,1631495,2023,2023
2648,1641645,2023,2023
2649,1641705,2024,2024
2650,1641706,2024,2024
2651,1641707,2024,2024
2652,1641708,2024,2024
2653,1641709,2024,2024
2654,1641710,2024,2024
2655,1641711,2024,2024
2656,1641712,2024,2024
2657,1641713,2024,2024
2658,1641715,2024,2024
2659,1641716,2024,2024
2660,1641717,2024,2024
2661,1641718,2024,2024
2662,1641720,2024,2024
2663,1641721,2024,2024
2664,1641722,2024,2024
2665,1641723,2024,2024
2666,1641724,2024,2024
2667,1641726,2024,2024
2668,1641727,2024,2024
2669,1641729,2024,2024
2670,1641730,2024,2024
2671,1641731,2024,2024
2672,1641732,2024,2024
2673,1641733,2024,2024
2674,1641734,2024,2024
2675,1641735,2024,2024
2676,1641738,2024,2024
2677,1641739,2024,2024
2678,1641740,2024,2024
2679,1641741,2024,2024
2680,1641745,2024,2024
2681,1641748,2024,2024
2682,1641749,2024,2024
2683,1641753,2024,2024
2684,1641754,2024,2024
2685,1641757,2024,2024
2686,1641763,2024,2024
2687,1641764,2024,2024
2688,1641765,2024,2024
2689,1641766,2024,2024
2690,1641767,2024,2024
2691,1641771,2024,2024
2692,1641774,2024,2024
2693,1641775,2024,2024
2694,1641777,2024,2024
2695,1641778,2024,2024
2696,1641787,2024,2024
2697,1641788,2024,2024
2698,1641793,2024,2024
2699,1641798,2024,2024
2700,1641806,2024,2024
2701,1641809,2024,2024
2702,1641811,2024,2024
2703,1641816,2024,2024
2704,1641847,2024,2024
2705,1641851,2024,2024
2706,1641854,2024,2024
2707,1641871,2024,2024
2708,1641877,2024,2024
2709,1641926,2024,2024
2710,1641931,2024,2024
2711,1641936,2024,2024
2712,1641945,2024,2024
2713,1641970,2024,2024
2714,1641998,2024,2024
2715,1642013,2024,2024
